trick_frame_log.frame_log.job_time {s},trick_frame_log.frame_log.job_trick_id {--},frame_log.frame_log.job_user_id {--}
0.000000,0,0
0.000000,13.030000,0
0.000019,13.030000,0
0.000019,0,0
0.000022,0,0
0.000022,13.040000,0
0.000023,13.040000,0
0.000023,0,0
0.000024,0,0
0.000024,23.010000,0
0.000025,23.010000,0
0.000025,0,0
0.000027,0,0
0.000027,0,22.020000
0.000033,0,22.020000
0.000033,0,0
0.000026,0,0
0.000026,23.020000,0
0.000034,23.020000,0
0.000034,0,0
